id;name;description;phone_number
1;service-desk Metal backing up;methodical Chips;Dynamic Administrator teal
2;cultivate;Place portal;Keyboard
3;out-of-the-box cross-platform;Toys;Practical cultivate standardization
4;auxiliary Home;out-of-the-box;Intelligent Small
5;Fantastic;Identity;Oklahoma
6;Profit-focused synthesizing;Zimbabwe Dollar parse;bottom-line
7;revolutionize integrate;encryption;open-source
8;Denmark Cyprus;initiatives;Computer Money Market Account
9;generate partnerships;auxiliary maroon;granular matrix
10;tertiary;Function-based;synergies JBOD Bond Markets Units European Composite Unit (EURCO)
